Lis Penden Filings,,,,,,,,,,,,,,,,,,,,,,,,,,,,,,,,,Connecticut
2008,,,,,,,,,,,,,,,,,,,,,,,,,,,,,,,,,
,,,,,,,,,,,,,,,,,,,,,,,,,,,,,,,,,
Town,Jan,,Feb,,Mar,,Qtr 1,,Apr,,May,,Jun,,Qrt 2,,Jul,,Aug,,Sept,,Qtr 3,,Oct,,Nov,,Dec,,Qtr 4,,Total 2008
Andover,,0,,0,,3,3,,,1,,0,,2,,3,,0,,1,,1,2,,,0,,1,,0,,1,9
Ansonia,,7,,1,,9,17,,,9,,11,,13,,33,,6,,15,,9,30,,,2,,17,,12,,31,111
Ashford,,2,,3,,5,10,,,1,,1,,2,,4,,2,,3,,5,10,,,0,,3,,1,,4,28
Avon,,4,,0,,3,7,,,3,,3,,5,,11,,2,,6,,4,12,,,5,,2,,5,,12,42
Barkhamsted,,0,,2,,0,2,,,0,,3,,0,,3,,1,,0,,1,2,,,0,,1,,2,,3,10
Beacon Falls,,4,,0,,3,7,,,1,,2,,4,,7,,0,,5,,2,7,,,0,,3,,0,,3,24
Berlin,,3,,7,,4,14,,,3,,5,,3,,11,,3,,5,,1,9,,,3,,2,,4,,9,43
Bethany,,1,,0,,2,3,,,1,,0,,4,,5,,0,,4,,0,4,,,0,,1,,0,,1,13
Bethel,,3,,3,,5,11,,,10,,7,,8,,25,,6,,8,,4,18,,,10,,7,,4,,21,75
Bethlehem,,1,,1,,1,3,,,3,,0,,1,,4,,0,,0,,0,0,,,0,,2,,1,,3,10
Bloomfield,,19,,9,,17,45,,,9,,16,,10,,35,,8,,9,,11,28,,,6,,13,,14,,33,141
Bolton,,0,,0,,1,1,,,1,,1,,1,,3,,0,,4,,1,5,,,0,,1,,1,,2,11
Bozrah,,0,,0,,1,1,,,1,,0,,1,,2,,0,,0,,0,0,,,0,,4,,2,,6,9
Branford,,5,,8,,11,24,,,9,,8,,7,,24,,14,,17,,6,37,,,7,,10,,7,,24,109
Bridgeport,,53,,93,,129,275,,,74,,62,,59,,195,,58,,147,,166,371,,,36,,136,,118,,290,1131
Bridgewater,,0,,0,,0,0,,,1,,1,,0,,2,,0,,0,,0,0,,,1,,0,,0,,1,3
Bristol,,22,,24,,33,79,,,24,,24,,18,,66,,23,,14,,23,60,,,12,,36,,39,,87,292
Brookfield,,6,,4,,4,14,,,6,,1,,5,,12,,5,,12,,8,25,,,1,,4,,4,,9,60
Brooklyn,,3,,3,,4,10,,,4,,5,,4,,13,,2,,5,,7,14,,,8,,3,,5,,16,53
Burlington,,2,,0,,0,2,,,4,,3,,2,,9,,1,,2,,5,8,,,2,,2,,3,,7,26
Canaan,,0,,0,,1,1,,,1,,0,,0,,1,,0,,0,,1,1,,,0,,0,,0,,0,3
Canterbury,,0,,4,,5,9,,,2,,2,,4,,8,,0,,4,,3,7,,,3,,5,,7,,15,39
Canton,,1,,2,,3,6,,,1,,0,,0,,1,,3,,4,,0,7,,,1,,1,,1,,3,17
Chaplin,,1,,0,,1,2,,,1,,1,,2,,4,,1,,2,,1,4,,,0,,1,,0,,1,11
Cheshire,,8,,3,,8,19,,,5,,3,,9,,17,,4,,8,,6,18,,,2,,6,,4,,12,66
Chester,,0,,0,,0,0,,,1,,3,,1,,5,,0,,1,,0,1,,,0,,0,,0,,0,6
Clinton,,1,,6,,5,12,,,7,,0,,5,,12,,0,,7,,4,11,,,1,,7,,6,,14,49
Colchester,,7,,1,,6,14,,,3,,1,,6,,10,,5,,6,,7,18,,,8,,13,,8,,29,71
Colebrook,,0,,0,,1,1,,,0,,0,,2,,2,,1,,2,,0,3,,,0,,2,,0,,2,8
Columbia,,0,,0,,2,2,,,0,,1,,0,,1,,0,,2,,3,5,,,0,,4,,0,,4,12
Cornwall,,1,,0,,1,2,,,0,,1,,0,,1,,0,,1,,0,1,,,0,,1,,1,,2,6
Coventry,,2,,3,,8,13,,,5,,4,,5,,14,,3,,1,,5,9,,,1,,1,,6,,8,44
Cromwell,,0,,2,,9,11,,,3,,5,,5,,13,,1,,2,,5,8,,,5,,3,,6,,14,46
Danbury,,11,,19,,38,68,,,36,,28,,21,,85,,25,,38,,24,87,,,29,,35,,12,,76,316
Lis Penden Filings,,,,,,,,,,,,,,,,,,,,,,,,,,,,,,,,,Connecticut
2008,,,,,,,,,,,,,,,,,,,,,,,,,,,,,,,,,
,,,,,,,,,,,,,,,,,,,,,,,,,,,,,,,,,
Town,Jan,,Feb,,Mar,,Qtr 1,,Apr,,May,,Jun,,Qrt 2,,Jul,,Aug,,Sept,,Qtr 3,,Oct,,Nov,,Dec,,Qtr 4,,Total 2008
Darien,,0,,2,,5,7,,,4,,4,,3,,11,,1,,1,,3,5,,,0,,3,,4,,7,30
Deep River,,1,,0,,1,2,,,1,,1,,1,,3,,0,,1,,2,3,,,2,,0,,1,,3,11
Derby,,3,,0,,11,14,,,7,,4,,8,,19,,0,,11,,3,14,,,2,,9,,6,,17,64
Durham,,1,,0,,3,4,,,3,,3,,0,,6,,4,,3,,1,8,,,1,,2,,3,,6,24
East Granby,,3,,0,,3,6,,,0,,0,,0,,0,,0,,2,,0,2,,,0,,10,,2,,12,20
East Haddam,,1,,3,,5,9,,,2,,5,,1,,8,,4,,2,,1,7,,,1,,2,,2,,5,29
East Hampton,,3,,1,,1,5,,,7,,4,,4,,15,,4,,6,,3,13,,,5,,6,,7,,18,51
East Hartford,,26,,23,,44,93,,,30,,19,,23,,72,,17,,28,,29,74,,,13,,33,,38,,84,323
East Haven,,17,,13,,23,53,,,16,,20,,15,,51,,2,,19,,6,27,,,7,,24,,23,,54,185
East Lyme,,2,,1,,2,5,,,1,,4,,1,,6,,6,,1,,2,9,,,2,,7,,5,,14,34
East Windsor,,1,,0,,0,1,,,1,,3,,2,,6,,3,,1,,2,6,,,2,,6,,1,,9,22
Eastford,,0,,0,,2,2,,,0,,1,,0,,1,,0,,1,,0,1,,,0,,3,,1,,4,8
Easton,,0,,0,,0,0,,,4,,0,,4,,8,,0,,3,,4,7,,,1,,2,,3,,6,21
Ellington,,3,,0,,3,6,,,0,,1,,1,,2,,1,,1,,1,3,,,1,,5,,5,,11,22
Enfield,,15,,11,,23,49,,,14,,15,,13,,42,,12,,15,,12,39,,,10,,16,,24,,50,180
Essex,,0,,1,,1,2,,,3,,5,,1,,9,,2,,2,,1,5,,,1,,1,,0,,2,18
Fairfield,,10,,3,,13,26,,,14,,3,,13,,30,,10,,15,,6,31,,,9,,4,,17,,30,117
Farmington,,4,,3,,8,15,,,1,,5,,4,,10,,3,,5,,6,14,,,1,,4,,10,,15,54
Franklin,,0,,0,,1,1,,,1,,0,,0,,1,,0,,2,,1,3,,,0,,1,,1,,2,7
Glastonbury,,4,,3,,8,15,,,5,,5,,7,,17,,4,,10,,2,16,,,5,,9,,3,,17,65
Goshen,,0,,0,,2,2,,,0,,1,,0,,1,,0,,0,,0,0,,,0,,0,,1,,1,4
Granby,,1,,0,,1,2,,,3,,4,,3,,10,,2,,1,,1,4,,,3,,5,,5,,13,29
Greenwich,,8,,2,,8,18,,,10,,9,,7,,26,,15,,13,,3,31,,,6,,10,,11,,27,102
Griswold,,3,,10,,5,18,,,6,,2,,8,,16,,6,,7,,7,20,,,3,,7,,4,,14,68
Groton,,11,,3,,7,21,,,6,,9,,2,,17,,4,,13,,11,28,,,8,,3,,9,,20,86
Guilford,,11,,0,,4,15,,,4,,5,,4,,13,,7,,3,,3,13,,,6,,3,,7,,16,57
Haddam,,1,,2,,3,6,,,1,,3,,3,,7,,1,,1,,1,3,,,2,,1,,5,,8,24
Hamden,,16,,16,,27,59,,,32,,22,,29,,83,,45,,35,,19,99,,,18,,19,,29,,66,307
Hampton,,1,,0,,0,1,,,0,,0,,2,,2,,2,,0,,0,2,,,0,,2,,0,,2,7
Hartford,,40,,53,,45,138,,,41,,25,,38,,104,,42,,44,,21,107,,,30,,56,,60,,146,495
Hartland,,0,,0,,2,2,,,1,,0,,0,,1,,0,,3,,0,3,,,2,,1,,1,,4,10
Harwinton,,0,,1,,0,1,,,0,,5,,0,,5,,3,,0,,1,4,,,0,,1,,2,,3,13
Hebron,,1,,0,,4,5,,,1,,3,,1,,5,,2,,3,,0,5,,,0,,0,,3,,3,18
Kent,,0,,0,,1,1,,,0,,0,,4,,4,,0,,5,,1,6,,,0,,0,,0,,0,11
Lis Penden Filings,,,,,,,,,,,,,,,,,,,,,,,,,,,,,,,,,Connecticut
2008,,,,,,,,,,,,,,,,,,,,,,,,,,,,,,,,,
,,,,,,,,,,,,,,,,,,,,,,,,,,,,,,,,,
Town,Jan,,Feb,,Mar,,Qtr 1,,Apr,,May,,Jun,,Qrt 2,,Jul,,Aug,,Sept,,Qtr 3,,Oct,,Nov,,Dec,,Qtr 4,,Total 2008
Killingly,,6,,9,,9,24,,,7,,5,,17,,29,,4,,16,,5,25,,,14,,8,,9,,31,109
Killingworth,,1,,0,,2,3,,,2,,2,,2,,6,,8,,0,,1,9,,,0,,1,,1,,2,20
Lebanon,,3,,1,,4,8,,,2,,7,,4,,13,,1,,2,,2,5,,,2,,2,,3,,7,33
Ledyard,,0,,4,,3,7,,,6,,2,,5,,13,,2,,9,,4,15,,,3,,7,,3,,13,48
Lisbon,,2,,0,,2,4,,,6,,1,,4,,11,,3,,1,,0,4,,,5,,1,,0,,6,25
Litchfield,,0,,3,,1,4,,,3,,3,,2,,8,,3,,0,,2,5,,,1,,0,,2,,3,20
Lyme,,0,,0,,1,1,,,0,,1,,0,,1,,0,,1,,0,1,,,1,,1,,0,,2,5
Madison,,5,,2,,3,10,,,4,,2,,4,,10,,11,,4,,1,16,,,3,,1,,3,,7,43
Manchester,,18,,20,,19,57,,,15,,21,,26,,62,,19,,20,,16,55,,,20,,15,,17,,52,226
Mansfield,,2,,0,,4,6,,,4,,2,,3,,9,,2,,4,,4,10,,,0,,1,,0,,1,26
Marlborough,,0,,0,,1,1,,,4,,1,,4,,9,,2,,1,,1,4,,,1,,2,,1,,4,18
Meriden,,31,,24,,48,103,,,36,,28,,39,,103,,39,,40,,46,125,,,38,,51,,41,,130,461
Middlebury,,1,,2,,0,3,,,0,,0,,0,,0,,1,,1,,2,4,,,1,,3,,1,,5,12
Middlefield,,1,,0,,1,2,,,1,,0,,2,,3,,0,,0,,1,1,,,0,,1,,0,,1,7
Middletown,,21,,11,,11,43,,,13,,9,,13,,35,,6,,22,,20,48,,,13,,12,,11,,36,162
Milford,,19,,13,,14,46,,,15,,11,,15,,41,,16,,18,,17,51,,,13,,14,,15,,42,180
Monroe,,7,,4,,5,16,,,6,,4,,9,,19,,5,,4,,11,20,,,5,,4,,8,,17,72
Montville,,5,,2,,6,13,,,8,,8,,5,,21,,6,,8,,6,20,,,8,,7,,5,,20,74
Morris,,0,,1,,0,1,,,0,,1,,1,,2,,0,,2,,1,3,,,2,,1,,0,,3,9
Naugatuck,,10,,13,,26,49,,,10,,12,,17,,39,,11,,8,,22,41,,,16,,26,,25,,67,196
New Britain,,38,,30,,46,114,,,34,,27,,32,,93,,26,,38,,29,93,,,41,,37,,32,,110,410
New Canaan,,2,,1,,2,5,,,2,,5,,4,,11,,2,,2,,1,5,,,1,,2,,4,,7,28
New Fairfield,,4,,2,,3,9,,,2,,6,,5,,13,,4,,7,,6,17,,,3,,5,,5,,13,52
New Hartford,,2,,0,,3,5,,,2,,3,,1,,6,,2,,1,,1,4,,,3,,4,,3,,10,25
New Haven,,62,,57,,77,196,,,70,,44,,72,,186,,42,,64,,49,155,,,46,,82,,49,,177,714
New London,,13,,2,,24,39,,,12,,15,,14,,41,,9,,15,,17,41,,,12,,14,,11,,37,158
New Milford,,5,,10,,23,38,,,13,,17,,15,,45,,16,,19,,14,49,,,15,,22,,19,,56,188
Newington,,8,,11,,8,27,,,8,,9,,15,,32,,8,,13,,8,29,,,6,,10,,14,,30,118
Newtown,,3,,3,,7,13,,,9,,5,,7,,21,,9,,6,,8,23,,,4,,8,,6,,18,75
Norfolk,,0,,0,,1,1,,,1,,0,,0,,1,,1,,2,,0,3,,,0,,0,,1,,1,6
North Branford,,0,,7,,6,13,,,2,,6,,11,,19,,2,,7,,4,13,,,3,,2,,5,,10,55
North Canaan,,1,,0,,4,5,,,1,,1,,3,,5,,0,,0,,1,1,,,0,,2,,1,,3,14
North Haven,,2,,4,,7,13,,,9,,11,,7,,27,,7,,7,,3,17,,,11,,8,,7,,26,83
North Stonington,,0,,3,,3,6,,,1,,3,,4,,8,,2,,0,,2,4,,,0,,2,,3,,5,23
Lis Penden Filings,,,,,,,,,,,,,,,,,,,,,,,,,,,,,,,,,Connecticut
2008,,,,,,,,,,,,,,,,,,,,,,,,,,,,,,,,,
,,,,,,,,,,,,,,,,,,,,,,,,,,,,,,,,,
Town,Jan,,Feb,,Mar,,Qtr 1,,Apr,,May,,Jun,,Qrt 2,,Jul,,Aug,,Sept,,Qtr 3,,Oct,,Nov,,Dec,,Qtr 4,,Total 2008
Norwalk,,25,,16,,35,76,,,26,,34,,32,,92,,36,,33,,22,91,,,22,,43,,34,,99,358
Norwich,,15,,12,,19,46,,,20,,9,,20,,49,,27,,34,,18,79,,,20,,23,,23,,66,240
Old Lyme,,1,,0,,2,3,,,2,,1,,3,,6,,0,,0,,0,0,,,2,,0,,3,,5,14
Old Saybrook,,4,,0,,4,8,,,1,,2,,1,,4,,2,,4,,4,10,,,1,,2,,1,,4,26
Orange,,2,,1,,4,7,,,3,,1,,5,,9,,1,,2,,2,5,,,2,,2,,1,,5,26
Oxford,,3,,0,,5,8,,,4,,5,,5,,14,,4,,3,,3,10,,,2,,1,,3,,6,38
Plainfield,,11,,16,,8,35,,,14,,10,,11,,35,,11,,13,,7,31,,,8,,6,,7,,21,122
Plainville,,9,,3,,7,19,,,5,,4,,7,,16,,3,,3,,6,12,,,10,,8,,9,,27,74
Plymouth,,1,,9,,5,15,,,7,,8,,6,,21,,4,,3,,3,10,,,4,,8,,7,,19,65
Pomfret,,1,,0,,3,4,,,1,,3,,1,,5,,1,,1,,2,4,,,1,,1,,2,,4,17
Portland,,2,,1,,2,5,,,3,,1,,2,,6,,0,,4,,3,7,,,0,,2,,2,,4,22
Preston,,1,,2,,4,7,,,1,,2,,3,,6,,0,,5,,0,5,,,0,,2,,2,,4,22
Prospect,,1,,0,,8,9,,,3,,1,,4,,8,,0,,4,,2,6,,,0,,6,,3,,9,32
Putnam,,7,,3,,2,12,,,7,,3,,11,,21,,0,,5,,5,10,,,3,,6,,2,,11,54
Redding,,2,,3,,1,6,,,1,,4,,2,,7,,2,,3,,4,9,,,0,,7,,1,,8,30
Ridgefield,,3,,2,,8,13,,,3,,3,,3,,9,,3,,4,,1,8,,,1,,5,,6,,12,42
Rocky Hill,,3,,3,,2,8,,,3,,1,,2,,6,,4,,5,,2,11,,,5,,3,,6,,14,39
Roxbury,,0,,0,,0,0,,,1,,0,,0,,1,,0,,0,,1,1,,,0,,3,,1,,4,6
Salem,,0,,1,,0,1,,,2,,1,,1,,4,,1,,1,,3,5,,,3,,2,,1,,6,16
Salisbury,,1,,0,,0,1,,,0,,0,,3,,3,,0,,0,,1,1,,,0,,1,,0,,1,6
Scotland,,1,,0,,1,2,,,0,,1,,1,,2,,1,,3,,0,4,,,0,,0,,0,,0,8
Seymour,,1,,8,,2,11,,,12,,3,,4,,19,,3,,8,,1,12,,,3,,10,,11,,24,66
Sharon,,1,,0,,0,1,,,1,,0,,1,,2,,0,,2,,0,2,,,0,,1,,0,,1,6
Shelton,,7,,10,,14,31,,,6,,3,,17,,26,,11,,9,,10,30,,,9,,9,,13,,31,118
Sherman,,2,,0,,4,6,,,1,,1,,0,,2,,0,,2,,1,3,,,0,,3,,1,,4,15
Simsbury,,8,,6,,6,20,,,1,,1,,4,,6,,4,,9,,10,23,,,3,,4,,4,,11,60
Somers,,3,,1,,0,4,,,0,,0,,3,,3,,1,,2,,2,5,,,0,,3,,1,,4,16
South Windsor,,0,,3,,8,11,,,4,,9,,3,,16,,4,,5,,4,13,,,6,,9,,6,,21,61
Southbury,,5,,4,,5,14,,,3,,1,,4,,8,,4,,2,,4,10,,,0,,0,,7,,7,39
Southington,,7,,10,,9,26,,,8,,5,,7,,20,,5,,11,,13,29,,,8,,5,,11,,24,99
Sprague,,0,,3,,1,4,,,1,,1,,0,,2,,0,,1,,0,1,,,0,,1,,2,,3,10
Stafford,,2,,7,,6,15,,,5,,4,,4,,13,,3,,8,,4,15,,,1,,8,,5,,14,57
Stamford,,31,,30,,39,100,,,30,,27,,23,,80,,41,,39,,30,110,,,44,,43,,37,,124,414
Sterling,,1,,3,,0,4,,,1,,0,,6,,7,,0,,4,,2,6,,,4,,3,,2,,9,26
Lis Penden Filings,,,,,,,,,,,,,,,,,,,,,,,,,,,,,,,,,Connecticut
2008,,,,,,,,,,,,,,,,,,,,,,,,,,,,,,,,,
,,,,,,,,,,,,,,,,,,,,,,,,,,,,,,,,,
Town,Jan,,Feb,,Mar,,Qtr 1,,Apr,,May,,Jun,,Qrt 2,,Jul,,Aug,,Sept,,Qtr 3,,Oct,,Nov,,Dec,,Qtr 4,,Total 2008
Stonington,3,,,3,3,,9,,2,,1,,3,,6,,0,,4,,5,,9,,,1,6,,7,,14,,38
Stratford,18,,,16,32,,66,,22,,22,,32,,76,,21,,31,,22,,74,,,25,30,,33,,88,,304
Suffield,1,,,0,4,,5,,6,,4,,1,,11,,2,,4,,3,,9,,,0,3,,1,,4,,29
Thomaston,2,,,3,1,,6,,3,,0,,2,,5,,5,,4,,4,,13,,,0,3,,4,,7,,31
Thompson,8,,,6,5,,19,,2,,3,,9,,14,,4,,7,,6,,17,,,6,2,,3,,11,,61
Tolland,1,,,9,2,,12,,2,,3,,6,,11,,3,,5,,1,,9,,,0,4,,2,,6,,38
Torrington,22,,,10,17,,49,,19,,16,,17,,52,,10,,22,,15,,47,,,19,18,,19,,56,,204
Trumbull,8,,,8,10,,26,,8,,8,,9,,25,,10,,10,,10,,30,,,10,10,,13,,33,,114
Union,0,,,0,0,,0,,0,,1,,0,,1,,0,,0,,0,,0,,,0,0,,0,,0,,1
Vernon,5,,,11,7,,23,,13,,4,,7,,24,,10,,10,,13,,33,,,6,4,,8,,18,,98
Voluntown,1,,,2,3,,6,,0,,0,,4,,4,,0,,3,,3,,6,,,0,1,,1,,2,,18
Wallingford,11,,,7,14,,32,,13,,9,,6,,28,,8,,11,,6,,25,,,14,10,,13,,37,,122
Warren,1,,,0,1,,2,,1,,0,,1,,2,,0,,0,,0,,0,,,0,0,,0,,0,,4
Washington,1,,,2,0,,3,,3,,1,,0,,4,,0,,0,,0,,0,,,0,0,,1,,1,,8
Waterbury,89,,,44,74,,207,,53,,74,,94,,221,,64,,74,,71,,209,,,52,65,,82,,199,,836
Waterford,2,,,0,10,,12,,4,,3,,4,,11,,9,,8,,6,,23,,,4,4,,6,,14,,60
Watertown,2,,,8,4,,14,,5,,3,,7,,15,,13,,7,,4,,24,,,7,8,,3,,18,,71
West Hartford,13,,,10,12,,35,,13,,12,,8,,33,,9,,10,,18,,37,,,11,16,,6,,33,,138
West Haven,37,,,23,32,,92,,42,,12,,39,,93,,50,,23,,19,,92,,,20,55,,28,,103,,380
Westbrook,3,,,1,3,,7,,2,,3,,2,,7,,1,,1,,3,,5,,,2,1,,2,,5,,24
Weston,1,,,1,4,,6,,4,,0,,2,,6,,5,,7,,2,,14,,,3,2,,3,,8,,34
Westport,3,,,1,6,,10,,5,,3,,1,,9,,5,,4,,4,,13,,,3,4,,4,,11,,43
Wethersfield,8,,,2,5,,15,,4,,5,,5,,14,,4,,5,,6,,15,,,3,7,,4,,14,,58
Willington,2,,,0,3,,5,,1,,0,,3,,4,,1,,0,,0,,1,,,2,0,,4,,6,,16
Wilton,3,,,3,3,,9,,2,,2,,3,,7,,3,,2,,3,,8,,,1,2,,0,,3,,27
Winchester,1,,,6,5,,12,,2,,3,,2,,7,,3,,3,,5,,11,,,6,5,,5,,16,,46
Windham,3,,,7,20,,30,,9,,10,,9,,28,,8,,4,,5,,17,,,8,3,,6,,17,,92
Windsor,4,,,11,14,,29,,14,,8,,15,,37,,10,,15,,12,,37,,,18,20,,27,,65,,168
Windsor Locks,2,,,0,0,,2,,6,,4,,8,,18,,0,,6,,6,,12,,,4,8,,4,,16,,48
Wolcott,5,,,4,10,,19,,5,,6,,4,,15,,7,,6,,6,,19,,,6,10,,9,,25,,78
Woodbridge,1,,,2,2,,5,,1,,2,,1,,4,,0,,3,,3,,6,,,1,4,,6,,11,,26
Woodbury,1,,,2,2,,5,,3,,2,,2,,7,,4,,3,,2,,9,,,3,3,,1,,7,,28
Woodstock,0,,,3,6,,9,,0,,1,,3,,4,,2,,3,,4,,9,,,2,5,,8,,15,,37
,1049,,,950,1491,,3490,,1206,,1038,,1281,,3525,,1092,,1461,,1208,,3761,,,974,1481,,1398,,3853,,14629
Foreclosure Deed Filings,,,,,,,,,,,,,,,,Connecticut,,,,,,,,,,,,,,,,,
2008,,,,,,,,,,,,,,,,,,,,,,,,,,,,,,,,,
Town,Jan,Feb,Mar,Qtr 1,Apr,May,Jun,Qtr 2,Jul,Aug,Sep,Qtr 3,Oct,Nov,Dec,Qtr 4 Total 2008,,,,,,,,,,,,,,,,,
Andover,0,0,0,0,0,0,1,1,0,0,1,1,0,0,0,0 2,,,,,,,,,,,,,,,,,
Ansonia,0,3,1,4,2,0,7,9,2,4,3,9,4,4,0,8 30,,,,,,,,,,,,,,,,,
Ashford,0,0,0,0,0,1,0,1,0,2,0,2,0,0,0,0 3,,,,,,,,,,,,,,,,,
Avon,1,1,0,2,0,1,0,1,1,2,3,6,0,0,1,1 10,,,,,,,,,,,,,,,,,
Barkhamsted,0,1,0,1,0,0,0,0,0,0,0,0,0,0,1,1 2,,,,,,,,,,,,,,,,,
Beacon Falls,0,1,0,1,1,0,0,1,1,3,0,4,3,0,0,3 9,,,,,,,,,,,,,,,,,
Berlin,2,0,0,2,1,0,0,1,1,1,0,2,4,1,4,9 14,,,,,,,,,,,,,,,,,
Bethany,0,0,0,0,1,0,0,1,0,0,0,0,0,0,0,0 1,,,,,,,,,,,,,,,,,
Bethel,0,1,2,3,0,3,0,3,3,5,0,8,5,2,1,8 22,,,,,,,,,,,,,,,,,
Bethlehem,0,0,0,0,0,1,0,1,0,0,0,0,0,0,0,0 1,,,,,,,,,,,,,,,,,
Bloomfield,0,5,6,11,6,1,4,11,8,3,0,11,7,6,3,16 49,,,,,,,,,,,,,,,,,
Bolton,0,0,0,0,0,0,0,0,0,0,0,0,1,0,0,1 1,,,,,,,,,,,,,,,,,
Bozrah,0,0,0,0,0,0,0,0,1,0,0,1,1,1,0,2 3,,,,,,,,,,,,,,,,,
Branford,1,3,1,5,1,4,1,6,0,2,1,3,0,2,5,7 21,,,,,,,,,,,,,,,,,
Bridgeport,0,50,24,74,54,18,6,78,27,49,68,144,31,38,47,116 412,,,,,,,,,,,,,,,,,
Bridgewater,0,0,0,0,0,0,0,0,0,0,0,0,0,0,0,0 0,,,,,,,,,,,,,,,,,
Bristol,3,10,11,24,7,8,4,19,12,5,6,23,16,8,7,31 97,,,,,,,,,,,,,,,,,
Brookfield,1,1,0,2,0,0,0,0,1,2,4,7,2,0,1,3 12,,,,,,,,,,,,,,,,,
Brooklyn,0,1,0,1,2,1,2,5,1,2,1,4,1,3,4,8 18,,,,,,,,,,,,,,,,,
Burlington,0,0,0,0,0,1,1,2,0,0,1,1,0,0,0,0 3,,,,,,,,,,,,,,,,,
Canaan,0,0,0,0,1,0,0,1,1,0,1,2,0,0,0,0 3,,,,,,,,,,,,,,,,,
Canterbury,0,0,1,1,0,0,1,1,0,0,0,0,1,0,0,1 3,,,,,,,,,,,,,,,,,
Canton,0,0,1,1,0,0,0,0,3,0,1,4,0,0,0,0 5,,,,,,,,,,,,,,,,,
Chaplin,1,0,1,2,0,0,1,1,0,0,1,1,0,0,0,0 4,,,,,,,,,,,,,,,,,
Cheshire,0,1,3,4,2,1,3,6,2,1,2,5,4,0,1,5 20,,,,,,,,,,,,,,,,,
Chester,0,0,0,0,0,0,0,0,1,0,0,1,1,0,0,1 2,,,,,,,,,,,,,,,,,
Clinton,0,3,0,3,1,0,1,2,1,1,2,4,0,1,1,2 11,,,,,,,,,,,,,,,,,
Colchester,1,0,1,2,2,0,1,3,2,2,1,5,1,1,0,2 12,,,,,,,,,,,,,,,,,
Colebrook,0,0,1,1,0,0,0,0,1,1,0,2,1,0,0,1 4,,,,,,,,,,,,,,,,,
Columbia,0,0,0,0,0,0,0,0,0,0,0,0,0,0,0,0 0,,,,,,,,,,,,,,,,,
Cornwall,0,0,0,0,0,0,0,0,0,0,1,1,1,0,0,1 2,,,,,,,,,,,,,,,,,
Coventry,0,0,3,3,2,3,1,6,1,4,4,9,0,1,0,1 19,,,,,,,,,,,,,,,,,
Cromwell,0,1,2,3,0,1,1,2,2,3,2,7,3,1,0,4 16,,,,,,,,,,,,,,,,,
Danbury,0,7,2,9,7,8,11,26,8,16,8,32,14,7,14,35 102,,,,,,,,,,,,,,,,,
Darien,0,0,0,0,0,0,0,0,0,0,0,0,0,0,4,4 4,,,,,,,,,,,,,,,,,
Foreclosure Deed Filings,,,,,,,,,,,,,,,,Connecticut,,,,,,,,,,,,,,,,,
2008,,,,,,,,,,,,,,,,,,,,,,,,,,,,,,,,,
Town,Jan,Feb,Mar,Qtr 1,Apr,May,Jun,Qtr 2,Jul,Aug,Sep,Qtr 3,Oct,Nov,Dec,Qtr 4 Total 2008,,,,,,,,,,,,,,,,,
Deep River,0,0,1,1,3,0,0,3,0,0,0,0,0,0,0,0 4,,,,,,,,,,,,,,,,,
Derby,0,2,1,3,1,0,0,1,1,2,2,5,1,4,2,7 16,,,,,,,,,,,,,,,,,
Durham,0,3,0,3,0,0,1,1,1,0,0,1,1,1,0,2 7,,,,,,,,,,,,,,,,,
East Granby,0,1,0,1,1,0,0,1,0,0,0,0,0,1,0,1 3,,,,,,,,,,,,,,,,,
East Haddam,0,0,1,1,0,0,0,0,0,0,0,0,0,0,1,1 2,,,,,,,,,,,,,,,,,
East Hampton,0,2,2,4,0,0,2,2,0,3,0,3,3,4,0,7 16,,,,,,,,,,,,,,,,,
East Hartford,2,8,7,17,11,9,10,30,14,10,16,40,10,6,17,33 120,,,,,,,,,,,,,,,,,
East Haven,0,5,4,9,2,4,2,8,0,10,7,17,4,9,5,18 52,,,,,,,,,,,,,,,,,
East Lyme,0,0,0,0,0,1,2,3,0,0,0,0,3,0,0,3 6,,,,,,,,,,,,,,,,,
East Windsor,0,0,0,0,0,0,0,0,1,1,0,2,0,0,1,1 3,,,,,,,,,,,,,,,,,
Eastford,0,0,1,1,0,0,0,0,0,0,0,0,0,0,0,0 1,,,,,,,,,,,,,,,,,
Easton,0,0,0,0,0,0,0,0,0,0,0,0,0,0,0,0 0,,,,,,,,,,,,,,,,,
Ellington,0,0,2,2,1,1,0,2,1,0,1,2,0,1,0,1 7,,,,,,,,,,,,,,,,,
Enfield,0,5,1,6,4,2,3,9,7,9,2,18,14,2,6,22 55,,,,,,,,,,,,,,,,,
Essex,0,1,0,1,0,0,0,0,1,0,1,2,0,0,0,0 3,,,,,,,,,,,,,,,,,
Fairfield,0,0,2,2,3,1,3,7,4,3,3,10,3,2,0,5 24,,,,,,,,,,,,,,,,,
Farmington,0,0,0,0,1,2,1,4,2,1,0,3,1,0,4,5 12,,,,,,,,,,,,,,,,,
Franklin,0,0,0,0,0,0,0,0,0,1,0,1,0,0,0,0 1,,,,,,,,,,,,,,,,,
Glastonbury,0,1,1,2,1,2,2,5,0,0,1,1,0,0,0,0 8,,,,,,,,,,,,,,,,,
Goshen,0,0,0,0,0,0,0,0,0,1,1,2,0,0,0,0 2,,,,,,,,,,,,,,,,,
Granby,0,0,0,0,0,0,1,1,1,0,1,2,1,1,0,2 5,,,,,,,,,,,,,,,,,
Greenwich,0,0,0,0,2,2,0,4,0,0,1,1,0,3,1,4 9,,,,,,,,,,,,,,,,,
Griswold,0,3,2,5,8,1,2,11,2,1,3,6,6,4,2,12 34,,,,,,,,,,,,,,,,,
Groton,2,6,1,9,6,6,7,19,6,6,3,15,12,5,9,26 69,,,,,,,,,,,,,,,,,
Guilford,0,1,3,4,2,1,0,3,2,1,2,5,4,0,0,4 16,,,,,,,,,,,,,,,,,
Haddam,0,1,1,2,1,0,0,1,0,1,2,3,0,1,0,1 7,,,,,,,,,,,,,,,,,
Hamden,1,5,5,11,8,6,9,23,2,7,6,15,3,7,9,19 68,,,,,,,,,,,,,,,,,
Hampton,0,1,0,1,0,2,0,2,0,0,1,1,1,0,0,1 5,,,,,,,,,,,,,,,,,
Hartford,0,21,21,42,20,24,27,71,22,23,28,73,28,17,19,64 250,,,,,,,,,,,,,,,,,
Hartland,0,1,0,1,0,0,0,0,0,1,0,1,0,0,1,1 3,,,,,,,,,,,,,,,,,
Harwinton,0,1,0,1,0,1,0,1,0,0,0,0,2,1,0,3 5,,,,,,,,,,,,,,,,,
Hebron,0,2,2,4,0,0,0,0,2,0,2,4,0,0,0,0 8,,,,,,,,,,,,,,,,,
Kent,0,1,0,1,0,0,0,0,1,0,0,1,0,0,0,0 2,,,,,,,,,,,,,,,,,
Killingly,0,3,5,8,8,2,6,16,1,12,0,13,4,4,6,14 51,,,,,,,,,,,,,,,,,
Killingworth,0,1,0,1,0,0,0,0,1,0,0,1,0,1,0,1 3,,,,,,,,,,,,,,,,,
Lebanon,0,0,0,0,0,0,0,0,2,0,0,2,0,0,2,2 4,,,,,,,,,,,,,,,,,
Foreclosure Deed Filings,,,,,,,,,,,,,,,,Connecticut,,,,,,,,,,,,,,,,,
2008,,,,,,,,,,,,,,,,,,,,,,,,,,,,,,,,,
Town,Jan,Feb,Mar,Qtr 1,Apr,May,Jun,Qtr 2,Jul,Aug,Sep,Qtr 3,Oct,Nov,Dec,Qtr 4 Total 2008,,,,,,,,,,,,,,,,,
Ledyard,0,3,3,6,5,1,2,8,4,2,3,9,9,6,5,20 43,,,,,,,,,,,,,,,,,
Lisbon,0,1,0,1,1,0,1,2,0,0,0,0,4,0,0,4 7,,,,,,,,,,,,,,,,,
Litchfield,0,0,0,0,1,0,0,1,0,2,0,2,0,0,1,1 4,,,,,,,,,,,,,,,,,
Lyme,0,0,0,0,0,0,0,0,1,0,0,1,0,0,0,0 1,,,,,,,,,,,,,,,,,
Madison,0,0,0,0,0,0,1,1,3,0,2,5,1,1,3,5 11,,,,,,,,,,,,,,,,,
Manchester,0,5,6,11,9,6,7,22,14,6,6,26,9,12,4,25 84,,,,,,,,,,,,,,,,,
Mansfield,0,0,0,0,0,0,0,0,2,1,1,4,0,1,1,2 6,,,,,,,,,,,,,,,,,
Marlborough,0,0,0,0,0,1,1,2,0,0,0,0,0,1,0,1 3,,,,,,,,,,,,,,,,,
Meriden,3,12,10,25,18,13,16,47,14,14,20,48,21,19,14,54 174,,,,,,,,,,,,,,,,,
Middlebury,0,0,0,0,0,1,0,1,1,0,0,1,0,0,1,1 3,,,,,,,,,,,,,,,,,
Middlefield,0,0,0,0,0,0,0,0,0,0,0,0,0,0,0,0 0,,,,,,,,,,,,,,,,,
Middletown,1,7,2,10,3,3,4,10,4,9,4,17,4,4,4,12 49,,,,,,,,,,,,,,,,,
Milford,0,3,4,7,3,3,3,9,3,6,7,16,3,0,3,6 38,,,,,,,,,,,,,,,,,
Monroe,0,0,0,0,0,0,0,0,0,1,1,2,1,0,0,1 3,,,,,,,,,,,,,,,,,
Montville,1,7,2,10,2,0,4,6,7,3,6,16,8,4,3,15 47,,,,,,,,,,,,,,,,,
Morris,1,0,0,1,0,0,0,0,0,0,0,0,0,0,0,0 1,,,,,,,,,,,,,,,,,
Naugatuck,0,5,4,9,0,0,4,4,7,2,8,17,5,6,7,18 48,,,,,,,,,,,,,,,,,
New Britain,2,14,11,27,14,13,15,42,16,19,18,53,19,13,10,42 164,,,,,,,,,,,,,,,,,
New Canaan,0,0,0,0,1,2,0,3,1,0,0,1,0,0,2,2 6,,,,,,,,,,,,,,,,,
New Fairfield,0,1,0,1,2,1,0,3,0,5,3,8,1,0,1,2 14,,,,,,,,,,,,,,,,,
New Hartford,0,0,0,0,0,0,0,0,0,0,0,0,1,0,2,3 3,,,,,,,,,,,,,,,,,
New Haven,13,18,28,59,30,17,31,78,37,44,33,114,47,43,27,117 368,,,,,,,,,,,,,,,,,
New London,13,15,5,33,6,5,9,20,21,29,15,65,17,11,8,36 154,,,,,,,,,,,,,,,,,
New Milford,2,5,7,14,4,0,4,8,5,5,6,16,8,3,1,12 50,,,,,,,,,,,,,,,,,
Newington,0,7,2,9,1,2,1,4,4,7,5,16,4,1,4,9 38,,,,,,,,,,,,,,,,,
Newtown,0,0,1,1,2,2,2,6,2,2,3,7,4,0,1,5 19,,,,,,,,,,,,,,,,,
Norfolk,0,0,1,1,0,0,0,0,1,0,0,1,0,0,0,0 2,,,,,,,,,,,,,,,,,
North Branford,0,1,0,1,2,0,1,3,4,0,2,6,0,3,2,5 15,,,,,,,,,,,,,,,,,
North Canaan,0,0,0,0,1,0,0,1,0,2,1,3,0,0,1,1 5,,,,,,,,,,,,,,,,,
North Haven,0,3,3,6,1,1,1,3,2,3,4,9,2,1,1,4 22,,,,,,,,,,,,,,,,,
North Stonington,0,2,1,3,1,1,0,2,0,1,0,1,0,1,0,1 7,,,,,,,,,,,,,,,,,
Norwalk,0,2,4,6,2,2,7,11,4,4,6,14,3,3,9,15 46,,,,,,,,,,,,,,,,,
Norwich,2,5,4,11,3,4,3,10,8,6,9,23,15,7,5,27 71,,,,,,,,,,,,,,,,,
Old Lyme,0,0,0,0,0,0,0,0,0,0,0,0,0,1,0,1 1,,,,,,,,,,,,,,,,,
Old Saybrook,0,0,0,0,1,0,0,1,1,1,0,2,1,0,0,1 4,,,,,,,,,,,,,,,,,
Orange,0,0,1,1,0,2,0,2,0,0,0,0,0,3,0,3 6,,,,,,,,,,,,,,,,,
Foreclosure Deed Filings,,,,,,,,,,,,,,,,Connecticut,,,,,,,,,,,,,,,,,
2008,,,,,,,,,,,,,,,,,,,,,,,,,,,,,,,,,
Town,Jan,Feb,Mar,Qtr 1,Apr,May,Jun,Qtr 2,Jul,Aug,Sep,Qtr 3,Oct,Nov,Dec,Qtr 4 Total 2008,,,,,,,,,,,,,,,,,
Oxford,0,0,0,0,0,0,0,0,2,1,1,4,3,1,1,5 9,,,,,,,,,,,,,,,,,
Plainfield,0,3,2,5,7,3,7,17,5,7,2,14,9,6,5,20 56,,,,,,,,,,,,,,,,,
Plainville,0,0,1,1,1,1,3,5,1,3,3,7,1,0,0,1 14,,,,,,,,,,,,,,,,,
Plymouth,0,2,3,5,2,0,1,3,3,3,2,8,1,1,0,2 18,,,,,,,,,,,,,,,,,
Pomfret,0,1,0,1,0,0,0,0,0,2,1,3,0,0,1,1 5,,,,,,,,,,,,,,,,,
Portland,0,2,2,4,0,0,1,1,0,0,0,0,1,1,0,2 7,,,,,,,,,,,,,,,,,
Preston,0,1,0,1,1,0,2,3,1,2,0,3,1,3,0,4 11,,,,,,,,,,,,,,,,,
Prospect,0,0,2,2,0,0,0,0,0,0,1,1,0,0,0,0 3,,,,,,,,,,,,,,,,,
Putnam,0,1,2,3,2,4,8,14,2,5,2,9,1,2,1,4 30,,,,,,,,,,,,,,,,,
Redding,0,3,2,5,1,0,2,3,3,0,0,3,1,1,0,2 13,,,,,,,,,,,,,,,,,
Ridgefield,0,0,0,0,0,1,1,2,1,1,1,3,2,0,0,2 7,,,,,,,,,,,,,,,,,
Rocky Hill,1,2,1,4,2,2,0,4,1,0,3,4,0,0,0,0 12,,,,,,,,,,,,,,,,,
Roxbury,0,1,0,1,0,0,0,0,0,1,0,1,0,0,0,0 2,,,,,,,,,,,,,,,,,
Salem,0,0,0,0,0,0,0,0,1,1,0,2,0,0,1,1 3,,,,,,,,,,,,,,,,,
Salisbury,0,0,0,0,0,0,0,0,0,0,0,0,0,0,0,0 0,,,,,,,,,,,,,,,,,
Scotland,0,0,0,0,0,0,0,0,0,0,0,0,1,0,1,2 2,,,,,,,,,,,,,,,,,
Seymour,0,4,2,6,1,0,1,2,3,3,5,11,3,1,2,6 25,,,,,,,,,,,,,,,,,
Sharon,0,1,0,1,0,0,0,0,0,0,1,1,0,0,0,0 2,,,,,,,,,,,,,,,,,
Shelton,0,3,1,4,0,1,4,5,2,1,2,5,4,4,1,9 23,,,,,,,,,,,,,,,,,
Sherman,0,0,0,0,0,0,0,0,0,0,2,2,0,0,0,0 2,,,,,,,,,,,,,,,,,
Simsbury,0,0,0,0,1,1,0,2,4,0,3,7,0,1,2,3 12,,,,,,,,,,,,,,,,,
Somers,0,0,0,0,0,0,0,0,0,0,0,0,1,0,0,1 1,,,,,,,,,,,,,,,,,
South Windsor,0,1,1,2,1,0,5,6,1,2,4,7,3,2,1,6 21,,,,,,,,,,,,,,,,,
Southbury,0,2,3,5,2,1,1,4,2,5,1,8,1,0,1,2 19,,,,,,,,,,,,,,,,,
Southington,1,3,4,8,2,0,2,4,5,0,8,13,3,1,4,8 33,,,,,,,,,,,,,,,,,
Sprague,0,1,1,2,0,1,0,1,0,0,1,1,1,2,1,4 8,,,,,,,,,,,,,,,,,
Stafford,0,3,0,3,1,1,2,4,2,2,1,5,1,0,1,2 14,,,,,,,,,,,,,,,,,
Stamford,0,0,0,0,0,0,0,0,3,1,0,4,0,0,0,0 4,,,,,,,,,,,,,,,,,
Sterling,0,1,0,1,1,2,0,3,0,1,0,1,2,1,0,3 8,,,,,,,,,,,,,,,,,
Stonington,0,3,2,5,2,0,0,2,3,4,0,7,4,3,3,10 24,,,,,,,,,,,,,,,,,
Stratford,1,5,11,17,4,8,6,18,7,7,11,25,13,8,9,30 90,,,,,,,,,,,,,,,,,
Suffield,0,1,1,2,0,1,0,1,0,0,1,1,0,1,0,1 5,,,,,,,,,,,,,,,,,
Thomaston,0,0,1,1,0,0,0,0,1,1,1,3,1,1,1,3 7,,,,,,,,,,,,,,,,,
Thompson,0,1,0,1,1,3,0,4,3,2,2,7,2,3,3,8 20,,,,,,,,,,,,,,,,,
Tolland,0,1,0,1,2,1,2,5,1,3,0,4,1,1,1,3 13,,,,,,,,,,,,,,,,,
Torrington,2,10,4,16,6,9,3,18,11,5,10,26,5,9,6,20 80,,,,,,,,,,,,,,,,,
Foreclosure Deed Filings,,,,,,,,,,,,,,,,Connecticut,,,,,,,,,,,,,,,,,
2008,,,,,,,,,,,,,,,,,,,,,,,,,,,,,,,,,
Town,Jan,Feb,Mar,Qtr 1,Apr,May,Jun,Qtr 2,Jul,Aug,Sep,Qtr 3,Oct,Nov,Dec,Qtr 4 Total 2008,,,,,,,,,,,,,,,,,
Trumbull,0,0,0,0,0,0,0,0,1,2,1,4,1,0,1,2 6,,,,,,,,,,,,,,,,,
Union,0,0,0,0,0,0,0,0,0,0,0,0,0,0,0,0 0,,,,,,,,,,,,,,,,,
Vernon,0,2,2,4,2,2,3,7,7,4,5,16,6,2,4,12 39,,,,,,,,,,,,,,,,,
Voluntown,0,1,0,1,0,1,1,2,0,0,0,0,0,0,2,2 5,,,,,,,,,,,,,,,,,
Wallingford,0,1,1,2,3,1,6,10,7,2,3,12,9,2,5,16 40,,,,,,,,,,,,,,,,,
Warren,0,0,0,0,0,0,0,0,0,0,0,0,0,0,1,1 1,,,,,,,,,,,,,,,,,
Washington,0,0,0,0,2,0,0,2,2,1,0,3,1,0,1,2 7,,,,,,,,,,,,,,,,,
Waterbury,11,26,28,65,50,34,36,120,48,39,44,131,44,23,28,95 411,,,,,,,,,,,,,,,,,
Waterford,1,7,1,9,0,2,0,2,0,4,3,7,6,1,1,8 26,,,,,,,,,,,,,,,,,
Watertown,0,0,2,2,0,2,2,4,1,2,4,7,0,1,1,2 15,,,,,,,,,,,,,,,,,
West Hartford,1,4,1,6,7,3,2,12,5,5,2,12,3,2,4,9 39,,,,,,,,,,,,,,,,,
West Haven,0,13,12,25,12,9,15,36,14,15,16,45,12,14,5,31 137,,,,,,,,,,,,,,,,,
Westbrook,0,0,0,0,0,0,0,0,0,3,0,3,1,0,0,1 4,,,,,,,,,,,,,,,,,
Weston,0,0,0,0,2,0,0,2,1,0,2,3,0,0,0,0 5,,,,,,,,,,,,,,,,,
Westport,0,0,1,1,0,2,1,3,0,1,2,3,0,1,0,1 8,,,,,,,,,,,,,,,,,
Wethersfield,0,2,0,2,1,0,2,3,0,1,0,1,2,0,1,3 9,,,,,,,,,,,,,,,,,
Willington,1,0,1,2,1,0,1,2,0,2,0,2,2,0,1,3 9,,,,,,,,,,,,,,,,,
Wilton,0,0,0,0,1,0,1,2,0,2,0,2,0,0,0,0 4,,,,,,,,,,,,,,,,,
Winchester,0,2,1,3,4,3,0,7,3,1,1,5,0,0,0,0 15,,,,,,,,,,,,,,,,,
Windham,0,4,5,9,5,1,5,11,5,3,3,11,5,2,0,7 38,,,,,,,,,,,,,,,,,
Windsor,0,6,1,7,3,3,7,13,5,3,2,10,0,8,3,11 41,,,,,,,,,,,,,,,,,
Windsor Locks,0,1,0,1,3,2,1,6,0,0,3,3,2,1,0,3 13,,,,,,,,,,,,,,,,,
Wolcott,0,6,0,6,1,1,1,3,1,1,5,7,1,2,1,4 20,,,,,,,,,,,,,,,,,
Woodbridge,0,2,0,2,0,0,0,0,0,0,0,0,1,1,1,3 5,,,,,,,,,,,,,,,,,
Woodbury,0,0,1,1,0,0,1,1,1,0,0,1,1,0,0,1 4,,,,,,,,,,,,,,,,,
Woodstock,0,1,1,2,0,2,0,2,2,1,1,4,1,0,0,1 9,,,,,,,,,,,,,,,,,
,72,414,326,812,423,307,377,1107,491,530,523,1544,553,407,405,1365 4828,,,,,,,,,,,,,,,,,
